{"cameraMode":{"drawMode":0,"name":"Shaded","section":"Shading Mode"},"sceneLighting":true,"audioPlay":false,"sceneViewState":{"m_AlwaysRefresh":false,"showFog":true,"showSkybox":true,"showFlares":true,"showImageEffects":true,"showParticleSystems":true,"showVisualEffectGraphs":true,"m_FxEnabled":true},"in2DMode":false,"pivot":{"x":545.46435546875,"y":222.0323028564453,"z":372.79400634765627},"rotation":{"x":-0.0018040043069049717,"y":-0.07882162928581238,"z":0.0001430477132089436,"w":-0.9968913793563843},"size":434.0977783203125,"orthographic":false}